"Constraints: Blosum > -1, No natural diversity constraint",,,,,,,,,,,,,,,,,,,,,,,,,,
,,,,,,,,,,,,,,,,,,,,,,,,,,
Scaffold Sequence,QVQLVQSGAEVKKPGASVKVSCKASGYTFTDYYMHWVRQAPGQGLEWMGRVNPNGRGTTYNQKFEGRVTMTTDTSTSTAYMELRSLRSDDTAVYYCARSNLLDDWGQGTTVTVSS,,,,,,,,,,,,,,,,,,,,,,,,,
,,,,,,,,,,,,,,,,,,,,,,,,,,
,Sequence,Blosum,Natural Diversity,Mutation,Position,Residue,ANT Transform,PSY Transform,,,,,,Sequence,Blosum,Natural Diversity,Mutation,Position,Residue,,ANT Transform,PSY Transform,,,,
0,QVQLVQSGAEVKKPGASVKVSCKASGYTFTDYYMHWVRQAPGQGLEWMGRINPNGRGTTYNQKFEGRVTMTTDTSTSTAYMELRSLRSDDTAVYYCARSNLLDDWGQGTTVTVSS,4,5.726,I,51,V,-3.197793645,1.592702043,1,,,,0,QVQLVQSGAEVKKPGASVKVSCKASGYTFTDYYMHWVRQAPGQGLEWMGRINPNGRGTTYNQKFEGRVTMTTDTSTSTAYMELRSLRSDDTAVYYCARSNLLDDWGQGTTVTVSS,4,5.726,I,51,V,V51I,-3.197793645,1.592702043,1,,,33
1,QVQLVQSGAEVKKPGASVKVSCKASGYTFTDYYMHWVRQAPGQGLEWMGRLNPNGRGTTYNQKFEGRVTMTTDTSTSTAYMELRSLRSDDTAVYYCARSNLLDDWGQGTTVTVSS,1,5.726,L,51,V,-2.824510558,1.434747629,2,,,,1,QVQLVQSGAEVKKPGASVKVSCKASGYTFTDYYMHWVRQAPGQGLEWMGRLNPNGRGTTYNQKFEGRVTMTTDTSTSTAYMELRSLRSDDTAVYYCARSNLLDDWGQGTTVTVSS,1,5.726,L,51,V,V51L,-2.824510558,1.434747629,2,,,50
2,QVQLVQSGAEVKKPGASVKVSCKASGYTFTDYYMHWVRQAPGQGLEWMGRVNPEGRGTTYNQKFEGRVTMTTDTSTSTAYMELRSLRSDDTAVYYCARSNLLDDWGQGTTVTVSS,0,9.891,E,53,N,-3.145359112,1.619750346,3,,,,2,QVQLVQSGAEVKKPGASVKVSCKASGYTFTDYYMHWVRQAPGQGLEWMGRVNPEGRGTTYNQKFEGRVTMTTDTSTSTAYMELRSLRSDDTAVYYCARSNLLDDWGQGTTVTVSS,0,9.891,E,53,N,N53E,-3.145359112,1.619750346,3,,,54
4,QVQLVQSGAEVKKPGASVKVSCKASGYTFTDYYMHWVRQAPGQGLEWMGRVNPNGRGSTYNQKFEGRVTMTTDTSTSTAYMELRSLRSDDTAVYYCARSNLLDDWGQGTTVTVSS,2,55.692,S,57,T,-3.115447736,1.479321439,4,,,,5,QVQLVQSGAEVKKPGASVKVSCKASGYTFTDYYMHWVRQAPGQGLEWMGRVNPNGRGTSYNQKFEGRVTMTTDTSTSTAYMELRSLRSDDTAVYYCARSNLLDDWGQGTTVTVSS,2,2.494,S,58,T,T58S,-3.304609262,1.703756412,5,,,55
5,QVQLVQSGAEVKKPGASVKVSCKASGYTFTDYYMHWVRQAPGQGLEWMGRVNPNGRGTSYNQKFEGRVTMTTDTSTSTAYMELRSLRSDDTAVYYCARSNLLDDWGQGTTVTVSS,2,2.494,S,58,T,-3.304609262,1.703756412,5,,,,6,QVQLVQSGAEVKKPGASVKVSCKASGYTFTDYYMHWVRQAPGQGLEWMGRVNPNGRGTVYNQKFEGRVTMTTDTSTSTAYMELRSLRSDDTAVYYCARSNLLDDWGQGTTVTVSS,0,2.494,V,58,T,T58V,-3.854723867,1.160145475,6,,,56
6,QVQLVQSGAEVKKPGASVKVSCKASGYTFTDYYMHWVRQAPGQGLEWMGRVNPNGRGTVYNQKFEGRVTMTTDTSTSTAYMELRSLRSDDTAVYYCARSNLLDDWGQGTTVTVSS,0,2.494,V,58,T,-3.854723867,1.160145475,6,,,,10,QVQLVQSGAEVKKPGASVKVSCKASGYTFTDYYMHWVRQAPGQGLEWMGRVNPNGRGTTYQQKFEGRVTMTTDTSTSTAYMELRSLRSDDTAVYYCARSNLLDDWGQGTTVTVSS,0,16.245,Q,60,N,N60Q,-2.983828416,1.16155154,7,,,95
10,QVQLVQSGAEVKKPGASVKVSCKASGYTFTDYYMHWVRQAPGQGLEWMGRVNPNGRGTTYQQKFEGRVTMTTDTSTSTAYMELRSLRSDDTAVYYCARSNLLDDWGQGTTVTVSS,0,16.245,Q,60,N,-2.983828416,1.16155154,7,,,,9,QVQLVQSGAEVKKPGASVKVSCKASGYTFTDYYMHWVRQAPGQGLEWMGRVNPNGRGTTYGQKFEGRVTMTTDTSTSTAYMELRSLRSDDTAVYYCARSNLLDDWGQGTTVTVSS,0,16.245,G,60,N,N60G,-3.47048212,1.781382978,8,,,97
9,QVQLVQSGAEVKKPGASVKVSCKASGYTFTDYYMHWVRQAPGQGLEWMGRVNPNGRGTTYGQKFEGRVTMTTDTSTSTAYMELRSLRSDDTAVYYCARSNLLDDWGQGTTVTVSS,0,16.245,G,60,N,-3.47048212,1.781382978,8,,,,8,QVQLVQSGAEVKKPGASVKVSCKASGYTFTDYYMHWVRQAPGQGLEWMGRVNPNGRGTTYEQKFEGRVTMTTDTSTSTAYMELRSLRSDDTAVYYCARSNLLDDWGQGTTVTVSS,0,16.245,E,60,N,N60E,-3.381587697,1.158717678,9,,,102
8,QVQLVQSGAEVKKPGASVKVSCKASGYTFTDYYMHWVRQAPGQGLEWMGRVNPNGRGTTYEQKFEGRVTMTTDTSTSTAYMELRSLRSDDTAVYYCARSNLLDDWGQGTTVTVSS,0,16.245,E,60,N,-3.381587697,1.158717678,9,,,,7,QVQLVQSGAEVKKPGASVKVSCKASGYTFTDYYMHWVRQAPGQGLEWMGRVNPNGRGTTYDQKFEGRVTMTTDTSTSTAYMELRSLRSDDTAVYYCARSNLLDDWGQGTTVTVSS,2,16.245,D,60,N,N60D,-2.705671798,1.112165739,10,,,
7,QVQLVQSGAEVKKPGASVKVSCKASGYTFTDYYMHWVRQAPGQGLEWMGRVNPNGRGTTYDQKFEGRVTMTTDTSTSTAYMELRSLRSDDTAVYYCARSNLLDDWGQGTTVTVSS,2,16.245,D,60,N,-2.705671798,1.112165739,10,,,,11,QVQLVQSGAEVKKPGASVKVSCKASGYTFTDYYMHWVRQAPGQGLEWMGRVNPNGRGTTYSQKFEGRVTMTTDTSTSTAYMELRSLRSDDTAVYYCARSNLLDDWGQGTTVTVSS,1,16.245,S,60,N,N60S,-3.729261261,1.649172973,11,,,
11,QVQLVQSGAEVKKPGASVKVSCKASGYTFTDYYMHWVRQAPGQGLEWMGRVNPNGRGTTYSQKFEGRVTMTTDTSTSTAYMELRSLRSDDTAVYYCARSNLLDDWGQGTTVTVSS,1,16.245,S,60,N,-3.729261261,1.649172973,11,,,,12,QVQLVQSGAEVKKPGASVKVSCKASGYTFTDYYMHWVRQAPGQGLEWMGRVNPNGRGTTYTQKFEGRVTMTTDTSTSTAYMELRSLRSDDTAVYYCARSNLLDDWGQGTTVTVSS,0,16.245,T,60,N,N60T,-2.841634619,1.416870877,12,,,
12,QVQLVQSGAEVKKPGASVKVSCKASGYTFTDYYMHWVRQAPGQGLEWMGRVNPNGRGTTYTQKFEGRVTMTTDTSTSTAYMELRSLRSDDTAVYYCARSNLLDDWGQGTTVTVSS,0,16.245,T,60,N,-2.841634619,1.416870877,12,,,,13,QVQLVQSGAEVKKPGASVKVSCKASGYTFTDYYMHWVRQAPGQGLEWMGRVNPNGRGTTYNQNFEGRVTMTTDTSTSTAYMELRSLRSDDTAVYYCARSNLLDDWGQGTTVTVSS,0,15.786,N,62,K,K62N,-2.855332395,0.485865254,13,,,
13,QVQLVQSGAEVKKPGASVKVSCKASGYTFTDYYMHWVRQAPGQGLEWMGRVNPNGRGTTYNQNFEGRVTMTTDTSTSTAYMELRSLRSDDTAVYYCARSNLLDDWGQGTTVTVSS,0,15.786,N,62,K,-2.855332395,0.485865254,13,,,,14,QVQLVQSGAEVKKPGASVKVSCKASGYTFTDYYMHWVRQAPGQGLEWMGRVNPNGRGTTYNQRFEGRVTMTTDTSTSTAYMELRSLRSDDTAVYYCARSNLLDDWGQGTTVTVSS,3,15.786,R,62,K,K62R,-2.723347919,0.972057866,14,,,
14,QVQLVQSGAEVKKPGASVKVSCKASGYTFTDYYMHWVRQAPGQGLEWMGRVNPNGRGTTYNQRFEGRVTMTTDTSTSTAYMELRSLRSDDTAVYYCARSNLLDDWGQGTTVTVSS,3,15.786,R,62,K,-2.723347919,0.972057866,14,,,,15,QVQLVQSGAEVKKPGASVKVSCKASGYTFTDYYMHWVRQAPGQGLEWMGRVNPNGRGTTYNQKFEGRVTMTTDTSTSTAYMELRSLRSDDTAVYYCGRSNLLDDWGQGTTVTVSS,0,87.089,G,93,A,A93G,-2.80087709,1.254026447,15,,,
15,QVQLVQSGAEVKKPGASVKVSCKASGYTFTDYYMHWVRQAPGQGLEWMGRVNPNGRGTTYNQKFEGRVTMTTDTSTSTAYMELRSLRSDDTAVYYCGRSNLLDDWGQGTTVTVSS,0,87.089,G,93,A,-2.80087709,1.254026447,15,,,,17,QVQLVQSGAEVKKPGASVKVSCKASGYTFTDYYMHWVRQAPGQGLEWMGRVNPNGRGTTYNQKFEGRVTMTTDTSTSTAYMELRSLRSDDTAVYYCARSELLDDWGQGTTVTVSS,0,2.463,E,96,N,N96E,-3.130105848,1.766387704,16,,,
17,QVQLVQSGAEVKKPGASVKVSCKASGYTFTDYYMHWVRQAPGQGLEWMGRVNPNGRGTTYNQKFEGRVTMTTDTSTSTAYMELRSLRSDDTAVYYCARSELLDDWGQGTTVTVSS,0,2.463,E,96,N,-3.130105848,1.766387704,16,,,,16,QVQLVQSGAEVKKPGASVKVSCKASGYTFTDYYMHWVRQAPGQGLEWMGRVNPNGRGTTYNQKFEGRVTMTTDTSTSTAYMELRSLRSDDTAVYYCARSDLLDDWGQGTTVTVSS,2,2.463,D,96,N,N96D,-3.202950275,1.342565709,17,,,
16,QVQLVQSGAEVKKPGASVKVSCKASGYTFTDYYMHWVRQAPGQGLEWMGRVNPNGRGTTYNQKFEGRVTMTTDTSTSTAYMELRSLRSDDTAVYYCARSDLLDDWGQGTTVTVSS,2,2.463,D,96,N,-3.202950275,1.342565709,17,,,,18,QVQLVQSGAEVKKPGASVKVSCKASGYTFTDYYMHWVRQAPGQGLEWMGRVNPNGRGTTYNQKFEGRVTMTTDTSTSTAYMELRSLRSDDTAVYYCARSNVLDDWGQGTTVTVSS,1,5.043,V,98,L,L97V,-3.069977046,1.710973482,18,,,
18,QVQLVQSGAEVKKPGASVKVSCKASGYTFTDYYMHWVRQAPGQGLEWMGRVNPNGRGTTYNQKFEGRVTMTTDTSTSTAYMELRSLRSDDTAVYYCARSNVLDDWGQGTTVTVSS,1,5.043,V,97,L,-3.069977046,1.710973482,18,,,,19,QVQLVQSGAEVKKPGASVKVSCKASGYTFTDYYMHWVRQAPGQGLEWMGRVNPNGRGTTYNQKFEGRVTMTTDTSTSTAYMELRSLRSDDTAVYYCARSNLFDDWGQGTTVTVSS,1,4.79,F,98,L,L98F,-3.045902149,1.712172383,19,,,
19,QVQLVQSGAEVKKPGASVKVSCKASGYTFTDYYMHWVRQAPGQGLEWMGRVNPNGRGTTYNQKFEGRVTMTTDTSTSTAYMELRSLRSDDTAVYYCARSNLFDDWGQGTTVTVSS,1,4.79,F,98,L,-3.045902149,1.712172383,19,,,,21,QVQLVQSGAEVKKPGASVKVSCKASGYTFTDYYMHWVRQAPGQGLEWMGRVNPNGRGTTYNQKFEGRVTMTTDTSTSTAYMELRSLRSDDTAVYYCARSNLLEDWGQGTTVTVSS,2,82.827,E,101,D,D101E,-3.356197107,1.593841028,20,,,
21,QVQLVQSGAEVKKPGASVKVSCKASGYTFTDYYMHWVRQAPGQGLEWMGRVNPNGRGTTYNQKFEGRVTMTTDTSTSTAYMELRSLRSDDTAVYYCARSNLLEDWGQGTTVTVSS,2,82.827,E,101,D,-3.356197107,1.593841028,20,,,,20,QVQLVQSGAEVKKPGASVKVSCKASGYTFTDYYMHWVRQAPGQGLEWMGRVNPNGRGTTYNQKFEGRVTMTTDTSTSTAYMELRSLRSDDTAVYYCARSNLMDDWGQGTTVTVSS,3,4.79,M,98,L,L98M,-2.983226989,1.508567804,21,,,
20,QVQLVQSGAEVKKPGASVKVSCKASGYTFTDYYMHWVRQAPGQGLEWMGRVNPNGRGTTYNQKFEGRVTMTTDTSTSTAYMELRSLRSDDTAVYYCARSNLMDDWGQGTTVTVSS,3,4.79,M,98,L,-2.983226989,1.508567804,21,,,,22,QVQLVQSGAEVKKPGASVKVSCKASGYTFTDYYMHWVRQAPGQGLEWMGRVNPNGRGTTYNQKFEGRVTMTTDTSTSTAYMELRSLRSDDTAVYYCARSNLLDNWGQGTTVTVSS,2,1.045,N,101,D,D102N,-3.111962473,1.622466198,22,,,
22,QVQLVQSGAEVKKPGASVKVSCKASGYTFTDYYMHWVRQAPGQGLEWMGRVNPNGRGTTYNQKFEGRVTMTTDTSTSTAYMELRSLRSDDTAVYYCARSNLLDNWGQGTTVTVSS,2,1.045,N,102,D,-3.111962473,1.622466198,22,,,,23,QVQLVQSGAEVKKPGASVKVSCKASGYTFTDYYMHWVRQAPGQGLEWMGRVNPNGRGTTYNQKFEGRVTMTTDTSTSTAYMELRSLRSDDTAVYYCARSNLLDQWGQGTTVTVSS,0,1.045,Q,101,D,D102Q,-2.962836903,1.495941713,23,,,
23,QVQLVQSGAEVKKPGASVKVSCKASGYTFTDYYMHWVRQAPGQGLEWMGRVNPNGRGTTYNQKFEGRVTMTTDTSTSTAYMELRSLRSDDTAVYYCARSNLLDQWGQGTTVTVSS,0,1.045,Q,102,D,-2.962836903,1.495941713,23,,,,3,QVQLVQSGAEVKKPGASVKVSCKASGYTFTDYYMHWVRQAPGQGLEWMGRVNPNSRGTTYNQKFEGRVTMTTDTSTSTAYMELRSLRSDDTAVYYCARSNLLDDWGQGTTVTVSS,0,42.688,S,56,G,G54S,-2.930890839,1.57233286,24,,,
3,QVQLVQSGAEVKKPGASVKVSCKASGYTFTDYYMHWVRQAPGQGLEWMGRVNPNSRGTTYNQKFEGRVTMTTDTSTSTAYMELRSLRSDDTAVYYCARSNLLDDWGQGTTVTVSS,0,42.688,S,54,G,-2.930890839,1.57233286,24,,,,,,,,,,,,,,,,,
