Scaffold,Base Sequence,Index,Population,Sequence,Blosum,Natural Di,Mutation,,WT,ANT Transform,PSY Transform,,,,
27.02,QVQLVQSGAEVKKPGASVKVSCKASGYTFTDYYMHWVRQAPGQGLEWMGKVNPNRGSTTYNQKFEGRVTMTTDTSTSTAYMELRSLRSDDTAVYYCARSNLLDYWGQGTTVTVSS,30,2,QVQLVQSGAEVKKPGASVKVSCKASGYTFTDYDMHWVRQAPGQGLEWMGGVNPNERDTTYNQKFEGRVTMTTDTSTSTAYMELRSLRSDDTAVYYCARYNSLDDWGQGTTVTVSS,3,0.351,R,50,K,-2.494990349,1.708479239,,,,
27.02,QVQLVQSGAEVKKPGASVKVSCKASGYTFTDYYMHWVRQAPGQGLEWMGKVNPNRGSTTYNQKFEGRVTMTTDTSTSTAYMELRSLRSDDTAVYYCARSNLLDYWGQGTTVTVSS,135,2,QVQLVQSGAEVKKPGASVKVSCKASGYTFTDYFMHWVRQAPGQGLEWMGEVNPNRTSTTYNQKFEGRVTMTTDTSTSTAYMELRSLRSDDTAVYYCARANLLDFWGQGTTVTVSS,0,33.354,M,102,Y,-2.36786513,1.673475649,,,,
43.14,QVQLVQSGAEVKKPGASVKVSCKASGYTFTDYVMHWVRQAPGQGLEWMGRVNPNGRGTTYNQKFEGRVTMTTDTSTSTAYMELRSLRSDDTAVYYCARSNLLDDWGQGTTVTVSS,415,3,QVQLVQSGAEVKKPGASVKVSCKASGYTFTDYYMHWVRQAPGQGLEWMGRVNPNRRGTTYNQKFEGRVTMTTDTSTSTAYMELRSLRSDDTAVYYCARANWLDAWGQGTTVTVSS,2,1.045,E,102,D,-1.855852963,0.812604459,,,,
43.2,QVQLVQSGAEVKKPGASVKVSCKASGYTFTDYYMHWVRQAPGQGLEWMGRVNPNAGGTTYNQKFEGRVTMTTDTSTSTAYMELRSLRSDDTAVYYCARSNVLDFWGQGTTVTVSS,481,1,QVQLVQSGAEVKKPGASVKVSCKASGYTFTDYFMHWVRQAPGQGLEWMGAVNPNKTDTTYNQKFEGRVTMTTDTSTSTAYMELRSLRSDDTAVYYCARANGLDFWGQDTTVTVSS,1,2.105,S,54,A,-3.139031457,1.318553745,,,,
43.2,QVQLVQSGAEVKKPGASVKVSCKASGYTFTDYYMHWVRQAPGQGLEWMGRVNPNAGGTTYNQKFEGRVTMTTDTSTSTAYMELRSLRSDDTAVYYCARSNVLDFWGQGTTVTVSS,565,3,QVQLVQSGAEVKKPGASVKVSCKASGYTFTDYYMHWVRQAPGQGLEWMGRVNPNRRGTTYNQKFEGRVTMTTDTSTSTAYMELRSLRSDDTAVYYCARDNALDAWGQGTTVTVSS,1,2.998,L,102,F,-1.785898185,0.621214562,,,,
45.02,QVQLVQSGAEVKKPGASVKVSCKASGYTFTDYYMHWVRQAPGQGLEWMGRVNPNGRGTTYNQKFEGRVTMTTDTSTSTAYMELRSLRSDDTAVYYCARANLLDDWGQGTTVTVSS,625,1,QVQLVQSGAEVKKPGASVKVSCKASGYTFTDYYMHWVRQAPGQGLEWMGRVNPNARGTTYNQKFEGRVTMTTDTSTSTAYMELRSLRSDDTAVYYCARVNGLDVWGQGTTVTVSS,0,42.688,S,54,G,-2.919228249,1.906036215,,,,
45.02,QVQLVQSGAEVKKPGASVKVSCKASGYTFTDYYMHWVRQAPGQGLEWMGRVNPNGRGTTYNQKFEGRVTMTTDTSTSTAYMELRSLRSDDTAVYYCARANLLDDWGQGTTVTVSS,703,1,QVQLVQSGAEVKKPGASVKVSCKASGYTFTDYYMHWVRQAPGQGLEWMGRVNPNRGGTTYNQKFEGRVTMTTDTSTSTAYMELRSLRSDDTAVYYCARANGLDFWGQGTTVTVSS,2,1.045,E,102,D,-2.694191403,1.728437403,,,,
45.02,QVQLVQSGAEVKKPGASVKVSCKASGYTFTDYYMHWVRQAPGQGLEWMGRVNPNGRGTTYNQKFEGRVTMTTDTSTSTAYMELRSLRSDDTAVYYCARANLLDDWGQGTTVTVSS,713,1,QVQLVQSGAEVKKPGASVKVSCKASGYTFTDYYMHWVRQAPGQGLEWMGRVNPNRRGTTYNQKFEGRVTMTTDTSTSTAYMELRSLRSDDTAVYYCARSNWLDVWGQGTTVTVSS,0,1.045,Q,102,D,-3.041015695,1.726477256,,,,
R2I9,QVQLVQSGAEVKKPGASVKVSCKASGYTFTDYYMHWVRQAPGQGLEWMGRVNPNGRGTTYNQKFEGRVTMTTDTSTSTAYMELRSLRSDDTAVYYCARANSLDFWGQGTTVTVSS,824,1,QVQLVQSGAEVKKPGASVKVSCKASGYTFTDYYMHWVRQAPGQGLEWMGRVNPNRRGTTYNQKFEGRVTMTTDTSTSTAYMELRSLRSDDTAVYYCARANLLDYWGQGTTVTVSS,0,6.443,T,95,A,-2.703109964,1.42346131,,,,
R2I9,QVQLVQSGAEVKKPGASVKVSCKASGYTFTDYYMHWVRQAPGQGLEWMGRVNPNGRGTTYNQKFEGRVTMTTDTSTSTAYMELRSLRSDDTAVYYCARANSLDFWGQGTTVTVSS,829,2,QVQLVQSGAEVKKPGASVKVSCKASGYTFTDYFMHWVRQAPGQGLEWMGGVNPNATSTTYNQKFEGRVTMTTDTSTSTAYMELRSLRSDDTAVYYCARFNSLDVWGQGTTVTVSS,0,10.639,D,97,S,-2.95556425,1.072543409,,,,
R2I11,QVQLVQSGAEVKKPGASVKVSCKASGYTFTDYYMHWVRQAPGQGLEWMGRVNPNGKGTTYNQKFEGRVTMTTDTSTSTAYMELRSLRSDDTAVYYCARSNALDVWGQGTTVTVSS,968,2,QVQLVQSGAEVKKPGASVKVSCKASGYTFTDYYMHWVRQAPGQGLEWMGRVNPNRGSTTYNQKFEGRVTMTTDTSTSTAYMELRSLRSDDTAVYYCARVNGLDVWGQGTTVTVSS,2,5.117,T,95,S,-2.414310531,1.322846368,,,,
R2I11,QVQLVQSGAEVKKPGASVKVSCKASGYTFTDYYMHWVRQAPGQGLEWMGRVNPNGKGTTYNQKFEGRVTMTTDTSTSTAYMELRSLRSDDTAVYYCARSNALDVWGQGTTVTVSS,930,1,QVQLVQSGAEVKKPGASVKVSCKASGYTFTDYYMHWVRQAPGQGLEWMGAVNPNTEATTYNQKFEGRVTMTTDTSTSTAYMELRSLRSDDTAVYYCARFNSLDDWGQGTTVTVSS,3,0.31,R,55,K,-2.854579304,1.468512732,,,,
R2I11,QVQLVQSGAEVKKPGASVKVSCKASGYTFTDYYMHWVRQAPGQGLEWMGRVNPNGKGTTYNQKFEGRVTMTTDTSTSTAYMELRSLRSDDTAVYYCARSNALDVWGQGTTVTVSS,986,1,QVQLVQSGAEVKKPGASVKVSCKASGYTFTDYYMHWVRQAPGQGLEWMGRVNPNRGGTTYNQKFEGRVTMTTDTSTSTAYMELRSLRSDDTAVYYCARANWLDYWGQGTTVTVSS,0,5.884,T,97,A,-2.690615127,1.616822143,,,,
R2I11,QVQLVQSGAEVKKPGASVKVSCKASGYTFTDYYMHWVRQAPGQGLEWMGRVNPNGKGTTYNQKFEGRVTMTTDTSTSTAYMELRSLRSDDTAVYYCARSNALDVWGQGTTVTVSS,996,1,QVQLVQSGAEVKKPGASVKVSCKASGYTFTDYVMHWVRQAPGQGLEWMGAVNPNEKGTTYNQKFEGRVTMTTDTSTSTAYMELRSLRSDDTAVYYCARFNLLDVWGQGTTVTVSS,4,23.993,I,102,V,-2.64171374,1.642398753,,,,
R2I11,QVQLVQSGAEVKKPGASVKVSCKASGYTFTDYYMHWVRQAPGQGLEWMGRVNPNGKGTTYNQKFEGRVTMTTDTSTSTAYMELRSLRSDDTAVYYCARSNALDVWGQGTTVTVSS,999,1,QVQLVQSGAEVKKPGASVKVSCKASGYTFTDYYMHWVRQAPGQGLEWMGKVNPNAGGTTYNQKFEGRVTMTTDTSTSTAYMELRSLRSDDTAVYYCARANLLDYWGQGTTVTVSS,1,23.993,M,102,V,-2.973983907,1.520566021,,,,
R2I15,QVQLVQSGAEVKKPGASVKVSCKASGYTFTDYYMHWVRQAPGQGLEWMGRVNPNGRSTTYNQKFEGRVTMTTDTSTSTAYMELRSLRSDDTAVYYCARSNSLDVWGQGTTVTVSS,1116,1,QVQLVQSGAEVKKPGASVKVSCKASGYTFTDYVMHWVRQAPGQGLEWMGRVNPNRGGTTYNQKFEGRVTMTTDTSTSTAYMELRSLRSDDTAVYYCARSNGLDDWGQGTTVTVSS,1,10.639,A,97,S,-2.615758209,1.710377901,,,,
R2I15,QVQLVQSGAEVKKPGASVKVSCKASGYTFTDYYMHWVRQAPGQGLEWMGRVNPNGRSTTYNQKFEGRVTMTTDTSTSTAYMELRSLRSDDTAVYYCARSNSLDVWGQGTTVTVSS,1143,1,QVQLVQSGAEVKKPGASVKVSCKASGYTFTDYVMHWVRQAPGQGLEWMGRVNPNARGTTYNQKFEGRVTMTTDTSTSTAYMELRSLRSDDTAVYYCARFNVLDVWGQGTTVTVSS,1,23.993,M,102,V,-2.746634474,1.389621575,,,,
R2I17,QVQLVQSGAEVKKPGASVKVSCKASGYTFTDYYMHWVRQAPGQGLEWMGRVNPNGGGTTYNQKFEGRVTMTTDTSTSTAYMELRSLRSDDTAVYYCARSNGLDSWGQGTTVTVSS,1215,3,QVQLVQSGAEVKKPGASVKVSCKASGYTFTDYYMHWVRQAPGQGLEWMGRVNPNARGTTYNQKFEGRVTMTTDTSTSTAYMELRSLRSDDTAVYYCARANWLDFWGQGTTVTVSS,0,52.681,N,55,G,-2.082010658,0.669644399,,,,
R2I17,QVQLVQSGAEVKKPGASVKVSCKASGYTFTDYYMHWVRQAPGQGLEWMGRVNPNGGGTTYNQKFEGRVTMTTDTSTSTAYMELRSLRSDDTAVYYCARSNGLDSWGQGTTVTVSS,1288,3,QVQLVQSGAEVKKPGASVKVSCKASGYTFTDYFMHWVRQAPGQGLEWMGKVNPNGRDTTYNQKFEGRVTMTTDTSTSTAYMELRSLRSDDTAVYYCARSNGLDSWGQGTTVTVSS,1,4.739,N,102,S,-2.231324455,0.887376666,,,,
R2I17,QVQLVQSGAEVKKPGASVKVSCKASGYTFTDYYMHWVRQAPGQGLEWMGRVNPNGGGTTYNQKFEGRVTMTTDTSTSTAYMELRSLRSDDTAVYYCARSNGLDSWGQGTTVTVSS,1246,3,QVQLVQSGAEVKKPGASVKVSCKASGYTFTDYFMHWVRQAPGQGLEWMGRVNPNGRDTTYNQKFEGRVTMTTDTSTSTAYMELRSLRSDDTAVYYCARFNVLDAWGQGTTVTVSS,0,5.117,G,95,S,-1.872655631,0.256639924,,,,
R2I17,QVQLVQSGAEVKKPGASVKVSCKASGYTFTDYYMHWVRQAPGQGLEWMGRVNPNGGGTTYNQKFEGRVTMTTDTSTSTAYMELRSLRSDDTAVYYCARSNGLDSWGQGTTVTVSS,1256,3,QVQLVQSGAEVKKPGASVKVSCKASGYTFTDYFMHWVRQAPGQGLEWMGRVNPNRGSTTYNQKFEGRVTMTTDTSTSTAYMELRSLRSDDTAVYYCARSNGLDDWGQGTTVTVSS,2,5.117,T,95,S,-2.232381626,0.738374174,,,,
R2I17,QVQLVQSGAEVKKPGASVKVSCKASGYTFTDYYMHWVRQAPGQGLEWMGRVNPNGGGTTYNQKFEGRVTMTTDTSTSTAYMELRSLRSDDTAVYYCARSNGLDSWGQGTTVTVSS,1292,1,QVQLVQSGAEVKKPGASVKVSCKASGYTFTDYFMHWVRQAPGQGLEWMGRVNPNGGDTTYNQKFEGRVTMTTDTSTSTAYMELRSLRSDDTAVYYCARYNGLDSWGQGTTVTVSS,2,4.739,T,102,S,-2.636802428,1.149958181,,,,
R2I21,QVQLVQSGAEVKKPGASVKVSCKASGYTFTDYYMHWVRQAPGQGLEWMGRVNPNKGDTTYNQKFEGRVTMTTDTSTSTAYMELRSLRSDDTAVYYCARSNLLDDWGQGTTVTVSS,1410,3,QVQLVQSGAEVKKPGASVKVSCKASGYTFTDYFMHWVRQAPGQGLEWMGRVNPNGRGTTYNQKFEGRVTMTTDTSTSTAYMELRSLRSDDTAVYYCARSNSLDYWGQGTTVTVSS,2,5.043,I,97,L,-2.048339905,0.581492097,,,,
R2I21,QVQLVQSGAEVKKPGASVKVSCKASGYTFTDYYMHWVRQAPGQGLEWMGRVNPNKGDTTYNQKFEGRVTMTTDTSTSTAYMELRSLRSDDTAVYYCARSNLLDDWGQGTTVTVSS,1433,3,QVQLVQSGAEVKKPGASVKVSCKASGYTFTDYFMHWVRQAPGQGLEWMGRVNPNGKATTYNQKFEGRVTMTTDTSTSTAYMELRSLRSDDTAVYYCARDNVLDDWGQGTTVTVSS,0,1.045,Q,102,D,-2.1253691,0.094005592,,,,
R2I21,QVQLVQSGAEVKKPGASVKVSCKASGYTFTDYYMHWVRQAPGQGLEWMGRVNPNKGDTTYNQKFEGRVTMTTDTSTSTAYMELRSLRSDDTAVYYCARSNLLDDWGQGTTVTVSS,1412,3,QVQLVQSGAEVKKPGASVKVSCKASGYTFTDYYMHWVRQAPGQGLEWMGKVNPNGRGTTYNQKFEGRVTMTTDTSTSTAYMELRSLRSDDTAVYYCARYNALDAWGQGTTVTVSS,3,5.043,M,97,L,-2.44042435,0.5100178,,,,
